Title,Authors,Journal,URL
"Breast cancer: A review of risk factors and diagnosis.","Obeagu EI, Obeagu GU.Obeagu EI, et al.","","https://pubmed.ncbi.nlm.nih.gov/38241592/"
"Epidemiology of Cancer.","Schwartz SM.Schwartz SM.","","https://pubmed.ncbi.nlm.nih.gov/38175589/"
"The evolving tumor microenvironment: From cancer initiation to metastatic outgrowth.","de Visser KE, Joyce JA.de Visser KE, et al.","","https://pubmed.ncbi.nlm.nih.gov/36917948/"
"Intrapancreatic fat, pancreatitis, and pancreatic cancer.","Lilly AC, Astsaturov I, Golemis EA.Lilly AC, et al.","","https://pubmed.ncbi.nlm.nih.gov/37452870/"
"Esophageal Cancer: Overview, Risk Factors, and Reasons for the Rise.","Lander S, Lander E, Gibson MK.Lander S, et al.","","https://pubmed.ncbi.nlm.nih.gov/37812328/"
"Signaling, cancer cell plasticity, and intratumor heterogeneity.","Cordani M, Dando I, Ambrosini G, González-Menéndez P.Cordani M, et al.","","https://pubmed.ncbi.nlm.nih.gov/38702718/"
"Human papillomavirus infection: Epidemiology, biology, host interactions, cancer development, prevention, and therapeutics.","Wolf J, Kist LF, Pereira SB, Quessada MA, Petek H, Pille A, Maccari JG, Mutlaq MP, Nasi LA.Wolf J, et al.","","https://pubmed.ncbi.nlm.nih.gov/38666757/"
"Tertiary lymphoid structures are critical for cancer prognosis and therapeutic response.","Zhang Q, Wu S.Zhang Q, et al.","","https://pubmed.ncbi.nlm.nih.gov/36713409/"
"Genomic alterations driving precancerous to cancerous lesions in esophageal cancer development.","Chang J, Zhao X, Wang Y, Liu T, Zhong C, Lao Y, Zhang S, Liao H, Bai F, Lin D, Wu C.Chang J, et al.","","https://pubmed.ncbi.nlm.nih.gov/38039962/"
"Tertiary lymphoid structures in cancer: maturation and induction.","Chen Y, Wu Y, Yan G, Zhang G.Chen Y, et al.","","https://pubmed.ncbi.nlm.nih.gov/38690273/"